ITEM_ID,ITEM_NAME,DISC_CD,ITEM_UPC,WARRANTY,UNIT_PRICE,UNIT_COST,SUBCAT_ID,SUPPLIER_ID,BRAND_ID
1,100 Places to Go While Still Young at Heart,1.0000200003E+19,788581014974,N,46,32.8639984130859,11,101,127
2,Art As Experience,1.0000200003E+19,778581014975,N,11,8.21599960327148,11,101,146
3,The Painted Word,1.0000200003E+19,768581014976,N,6,5.13500022888184,11,101,180
4,Hirschfeld on Line,1.0000200003E+19,758581014977,N,35,25.6749992370605,11,102,101
5,Adirondack Style,1.0000200003E+19,748581014978,N,27,19.5130004882813,11,102,105
6,"Architecture : Form, Space, & Order",1.0000200003E+19,738581014979,N,28,20.5400009155273,11,102,131
7,50 Favorite Rooms,1.0000200003E+19,728581014970,N,18,13.3509998321533,11,102,132
8,500 Best Vacation Home Plans,1.0000200003E+19,718581014971,N,8,6.16200017929077,11,102,139
28,Day Job,1.0000200003E+19,795818014973,N,18,13.3509998321533,12,109,149
31,The Prince,1.0000200003E+19,795819214976,N,4,3.08100008964539,13,101,162
40,1984,1.0000200003E+19,795819215065,N,5,4.10799980163574,13,106,135
9,Blue & White Living,1.0000200003E+19,708581014972,N,11,8.21599960327148,11,102,172
10,Ways of Seeing,1.0000200003E+19,798581014973,N,11,8.21599960327148,11,106,145
11,"Gonzo, the Art",1.0000200003E+19,791581014974,N,28,21.5669994354248,11,106,167
12,Cabin Fever : Rustic Style Comes Home,1.0000200003E+19,792581014971,N,8,6.16200017929077,11,107,166
13,American Bungalow Style,1.0000200003E+19,793581014978,N,28,20.5400009155273,11,107,169
14,Building With Stone,1.0000200003E+19,794581014975,N,15,11.2969999313354,11,109,115
15,Voyaging Under Power,1.0000200003E+19,795581014972,N,9,7.18900012969971,11,109,170
16,Working With Emotional Intelligence,1.0000200003E+19,795681014971,N,19,14.3780002593994,12,101,119
41,Catch-22,1.0000200003E+19,795819215072,N,9,7.18900012969971,13,106,151
185,Apollo 13,1.0000200003E+19,795819216512,N,9,8.42450046539307,31,303,379
229,Dracula,1.0000200003E+19,795819216956,N,13,12.0349998474121,34,303,308
236,Christine,1.0000200003E+19,795819217021,N,9,8.42450046539307,34,306,348
17,Attention to Detail,1.0000200003E+19,795781014970,N,11,8.21599960327148,12,102,117
18,The 48 Laws of Power,1.0000200003E+19,795881014979,N,18,13.3509998321533,12,102,150
19,Don't Step in the Leadership,1.0000200003E+19,795891014976,N,8,6.16200017929077,12,102,171
20,Topgrading,1.0000200003E+19,795801014973,N,19,13.3509998321533,12,105,112
21,Career Intelligence,1.0000200003E+19,795811014970,N,13,10.2700004577637,12,107,107
22,Cubicle Warfare,1.0000200003E+19,795812014979,N,13,10.2700004577637,12,107,110
23,The Wisdom of Teams,1.0000200003E+19,795813014978,N,13,9.24300003051758,12,107,148
24,The Power to Get in,1.0000200003E+19,795814014977,N,12,9.24300003051758,12,107,157
25,Don't Sweat the Small Stuff,1.0000200003E+19,795815014976,N,10,7.18900012969971,12,107,168
26,Jump Start Your Brain,1.0000200003E+19,795816014975,N,12,8.21599960327148,12,109,125
285,Relish,1.0000200003E+19,795819217519,N,14,13.4666996002197,41,406,460
318,Home,1.0000200003E+19,795819217847,N,10,10.3590002059937,44,403,425
332,Lucy,1.0000200003E+19,795819217984,N,16,15.5384998321533,45,401,420
27,Smart Choices,1.0000200003E+19,795817014974,N,16,12.3240003585815,12,109,147
29,The Joy of Work,1.0000200003E+19,795819014972,N,16,12.3240003585815,12,109,171
30,Jobshift,1.0000200003E+19,795819114979,N,12,9.24300003051758,12,109,183
32,The Fountainhead,1.0000200003E+19,795819214983,N,8,6.16200017929077,13,104,106
33,The Old Man and the Sea,1.0000200003E+19,795819214990,N,8,6.16200017929077,13,104,129
34,Lord of the Flies,1.0000200003E+19,795819215003,N,6,4.10799980163574,13,104,184
35,Atlas Shrugged,1.0000200003E+19,795819215010,N,8,6.16200017929077,13,105,106
36,The Catcher in the Rye,1.0000200003E+19,795819215027,N,5,4.10799980163574,13,105,140
37,Brave New World,1.0000200003E+19,795819215034,N,8,6.16200017929077,13,106,102
38,The Weight of Water,1.0000200003E+19,795819215041,N,12,9.24300003051758,13,106,104
39,Great Gatsby,1.0000200003E+19,795819215058,N,9,7.18900012969971,13,106,130
345,Stunt,1.0000200003E+19,795819218110,N,12,11.3949003219604,45,406,410
42,The Thin Red Line,1.0000200003E+19,795819215089,N,10,8.21599960327148,13,108,142
43,Ulysses,1.0000200003E+19,795819215096,N,14,10.2700004577637,13,108,143
44,Lolita,1.0000200003E+19,795819215102,N,11,8.21599960327148,13,108,182
45,To Kill a Mockingbird,1.0000200003E+19,795819215119,N,5,4.10799980163574,13,109,137
46,Test Your Baseball IQ,1.0000200003E+19,795819215126,N,3,3.08100008964539,14,104,123
47,Art of Getting Even,1.0000200003E+19,795819215133,N,6,5.13500022888184,14,104,133
48,Complete Course in Magic,1.0000200003E+19,795819215140,N,23,17.4589996337891,14,104,156
49,40 Most Wanted Cats,1.0000200003E+19,795819215157,N,10,8.21599960327148,14,104,159
50,The Rules for Cats,1.0000200003E+19,795819215164,N,8,6.16200017929077,14,104,175
51,Test Your History I.Q.,1.0000200003E+19,795819215171,N,3,3.08100008964539,14,104,177
52,Great Comedians Talk about Comedy,1.0000200003E+19,795819215188,N,8,6.16200017929077,14,104,181
53,The Complete Prose of Woody Allen,1.0000200003E+19,795819215195,N,10,8.21599960327148,14,104,185
54,Test Your Own IQ Again,1.0000200003E+19,795819215201,N,5,4.10799980163574,14,105,163
55,Games for the Superintelligent,1.0000200003E+19,795819215218,N,8,6.16200017929077,14,108,141
56,Most of Andy Rooney,1.0000200003E+19,795819215225,N,15,11.2969999313354,14,109,103
57,Guide to Life,1.0000200003E+19,795819215232,N,10,8.21599960327148,14,109,120
58,Mensa Lateral Thinking,1.0000200003E+19,795819215249,N,8,6.16200017929077,14,109,121
59,Completely Mad,1.0000200003E+19,795819215256,N,15,11.2969999313354,14,109,155
60,How to Live with a Neurotic Dog,1.0000200003E+19,795819215263,N,8,6.16200017929077,14,109,173
61,Nanotechnology,1.0000200003E+19,795819215270,N,15,11.2969999313354,15,103,108
62,Foundation Analysis and Design,1.0000200003E+19,795819215287,N,81,61.6199989318848,15,103,111
63,Handbook of Hydraulics,1.0000200003E+19,795819215294,N,70,51.3499984741211,15,103,113
64,Modern Recording Techniques,1.0000200003E+19,795819215300,N,30,22.5939998626709,15,103,122
65,Digital Filters,1.0000200003E+19,795819215317,N,11,8.21599960327148,15,103,136
66,Being Digital,1.0000200003E+19,795819215324,N,12,9.24300003051758,15,103,160
67,Manufacturing Planning and Control Systems,1.0000200003E+19,795819215331,N,46,34.9179992675781,15,103,178
68,Roark's Formulas for Stress and Strain,1.0000200003E+19,795819215348,N,80,59.5660018920898,15,103,186
69,Envisioning Information,1.0000200003E+19,795819215355,N,34,25.6749992370605,15,105,126
70,Design With Pic Microcontrollers,1.0000200003E+19,795819215362,N,48,35.9449996948242,15,105,164
71,Engines of Creation,1.0000200003E+19,795819215379,N,12,8.21599960327148,15,107,128
72,Basic Pro/Engineer in 20 Lessons,1.0000200003E+19,795819215386,N,52,39.0260009765625,15,107,153
73,The Evolution of Useful Things,1.0000200003E+19,795819215393,N,11,8.21599960327148,15,108,138
74,To Engineer Is Human,1.0000200003E+19,795819215409,N,11,8.21599960327148,15,108,138
75,Rescuing Prometheus,1.0000200003E+19,795819215416,N,20,15.4049997329712,15,108,179
76,Nutrition 101,1.0000200003E+19,795819215423,N,18,14.3780002593994,16,101,158
77,Pain Free,1.0000200003E+19,795819215430,N,17,12.3240003585815,16,101,165
78,Body for Life,1.0000200003E+19,795819215447,N,13,9.24300003051758,16,104,109
79,Facercise,1.0000200003E+19,795819215454,N,11,8.21599960327148,16,104,114
80,Stretch Book,1.0000200003E+19,795819215461,N,12,9.24300003051758,16,104,144
81,Pilates: The Way Forward,1.0000200003E+19,795819215478,N,16,12.3240003585815,16,104,154
82,Sciatica Relief Handbook,1.0000200003E+19,795819215485,N,12,9.24300003051758,16,108,116
83,The New Fit or Fat,1.0000200003E+19,795819215492,N,8,6.16200017929077,16,108,118
84,When Food Is Love,1.0000200003E+19,795819215508,N,11,8.21599960327148,16,108,134
85,Rehabilitation of Patients w/ Respiratory Disease,1.0000200003E+19,795819215515,N,11,8.21599960327148,16,108,161
86,Fitness for Dummies,1.0000200003E+19,795819215522,N,16,12.3240003585815,16,108,176
87,"Ageless Body, Timeless Mind",1.0000200003E+19,795819215539,N,12,8.21599960327148,16,109,124
88,Why Weight?,1.0000200003E+19,795819215546,N,11,8.21599960327148,16,109,134
89,Reversing Diabetes,1.0000200003E+19,795819215553,N,12,9.24300003051758,16,109,152
90,Self-Management and Efficiency,1.0000200003E+19,795819215560,N,25,19.5130004882813,12,109,174
91,Harman Kardon Digital Surround Sound Receiver,1.0000200003E+19,795819215577,N,1000,812.456604003906,21,202,203
92,Harman Kardon AM/FM Stereo Receiver,1.0000200003E+19,795819215584,N,500,410.076202392578,21,202,203
93,Harman Kardon Dolby Digital Receiver,1.0000200003E+19,795819215591,N,700,569.489196777344,21,202,203
94,GPX Portable CD Player with Bass Boost,1.0000200003E+19,795819215607,N,30,24.1868000030518,21,203,202
95,GPX Portable CD Player with Car Kit,1.0000200003E+19,795819215614,N,50,41.7771987915039,21,203,202
96,GPX CD AM/FM Cassette Recorder Karaoke Machine,1.0000200003E+19,795819215621,N,100,78.0574035644531,21,203,202
97,Panasonic Portable CD Player,1.0000200003E+19,795819215638,N,80,64.8646011352539,21,203,210
98,Pioneer 25-Disc Changer with Remote Control,1.0000200003E+19,795819215645,N,130,101.144798278809,21,203,211
99,"Pioneer CD Recordable, Digital Synchro Recording",1.0000200003E+19,795819215652,N,500,406.778015136719,21,203,211
100,Pioneer Dolby Pro Logic Receiver,1.0000200003E+19,795819215669,N,350,270.452392578125,21,203,211
101,RCA CD Changer,1.0000200003E+19,795819215676,N,90,73.659797668457,21,203,213
102,Sony Discman,1.0000200003E+19,795819215683,N,80,64.8646011352539,21,203,215
103,Sony Boombox with Digital Tuner,1.0000200003E+19,795819215690,N,130,106.641799926758,21,203,215
104,Sony Digital MiniDisc,1.0000200003E+19,795819215706,N,600,489.233001708984,21,203,215
105,Sony 100-Watt Receiver,1.0000200003E+19,795819215713,N,400,316.627197265625,21,203,215
106,Hitachi Hi8 Camcorder,1.0000200003E+19,795819215720,Y,400,314.428405761719,22,201,205
107,Hitachi DVD Camcorder,1.0000200003E+19,795819215737,Y,600,493.630615234375,22,201,205
108,Minolta Freedom Zoom Supreme EX Camera,1.0000200003E+19,795819215744,Y,230,178.102798461914,22,201,207
109,Minolta Maxxum Camera,1.0000200003E+19,795819215751,Y,400,310.030792236328,22,201,207
110,Minolta Freedom Zoom Explorer Camera,1.0000200003E+19,795819215768,Y,180,146.220199584961,22,201,207
111,Minolta Vectis Beam Camera,1.0000200003E+19,795819215775,Y,300,246.265594482422,22,201,207
112,Olympus LT Zoom Compact Camera,1.0000200003E+19,795819215782,Y,280,220.979400634766,22,201,209
113,Olympus Stylus Zoom Compact Camera,1.0000200003E+19,795819215799,Y,230,178.102798461914,22,201,209
114,Olympus Zoom Ultra Compact Camera,1.0000200003E+19,795819215805,Y,280,228.675201416016,22,201,209
115,Panasonic Digital Palmcorder Camcorder,1.0000200003E+19,795819215812,Y,900,740.99560546875,22,201,210
116,Sharp Hi-Fi Stereo Viewcam Camcorder,1.0000200003E+19,795819215829,Y,450,349.609191894531,22,201,214
117,Sharp Hi8 Viewcam Camcorder,1.0000200003E+19,795819215836,Y,600,468.344390869141,22,201,214
118,Sharp Internet Viewcam,1.0000200003E+19,795819215843,Y,700,565.091613769531,22,201,214
119,Sony Handycam Digital Recorder,1.0000200003E+19,795819215850,Y,900,703.616027832031,22,201,215
120,Sony Handycam Video Camera,1.0000200003E+19,795819215867,Y,400,319.925415039063,22,201,215
121,Microsoft Basic Mouse V1.0,1.0000200003E+19,795819215874,Y,25,20.888599395752,23,204,206
122,Microsoft Natural Keyboard Elite V2.0,1.0000200003E+19,795819215881,Y,60,48.3736000061035,23,204,206
123,New Media 16 MB Compact Flash,1.0000200003E+19,795819215898,Y,50,39.5783996582031,23,204,208
124,New Media 64 MB Compact Flash,1.0000200003E+19,795819215904,Y,200,162.711196899414,23,204,208
125,New Media 32 MB Compact Flash,1.0000200003E+19,795819215911,Y,100,80.2562026977539,23,204,208
126,New Media 32 MB Smart Media,1.0000200003E+19,795819215928,Y,100,78.0574035644531,23,204,208
127,3Com 56K Cellular Modem PC Card,1.0000200003E+19,795819215935,Y,200,155.015396118164,23,208,201
128,3Com OfficeConnect 56K LAN Modem,1.0000200003E+19,795819215942,Y,300,234.17219543457,23,208,201
129,3Com 10/100 CardBus,1.0000200003E+19,795819215959,Y,160,128.629806518555,23,208,201
130,3Com Networking Kit,1.0000200003E+19,795819215966,Y,130,101.144798278809,23,208,201
131,Hewlett Packard External Tape Drive,1.0000200003E+19,795819215973,Y,250,204.488403320313,23,208,204
132,Hewlett Packard CD-Writer Plus,1.0000200003E+19,795819215980,Y,280,226.47639465332,23,208,204
133,PNY 32 MB Memory Card,1.0000200003E+19,795819215997,Y,60,48.3736000061035,23,208,212
134,PNY 64 MB Memory Card,1.0000200003E+19,795819216000,Y,69,56.0694007873535,23,208,212
135,PNY 128MB Memory Card,1.0000200003E+19,795819216017,Y,150,123.132797241211,23,208,212
136,3Com Palm V Connected Organizer,1.0000200003E+19,795819216024,Y,400,326.521789550781,24,205,201
137,3Com Palm IIIx Connected Organizer,1.0000200003E+19,795819216031,Y,330,270.452392578125,24,205,201
138,Panasonic Compact Plain Paper Fax,1.0000200003E+19,795819216048,Y,170,135.226196289063,24,205,210
139,Panasonic Fax Machine,1.0000200003E+19,795819216055,Y,130,105.54239654541,24,205,210
140,Sharp Mobilon TriPad Handheld PC,1.0000200003E+19,795819216062,Y,980,799.263793945313,24,205,214
141,Sharp Copier Toner,1.0000200003E+19,795819216079,Y,220,174.804595947266,24,205,214
142,Xerox Workcentre 385,1.0000200003E+19,795819216086,Y,500,401.281005859375,24,205,216
143,Xerox XD / XL Series Toner Cartridge,1.0000200003E+19,795819216093,Y,180,142.921997070313,24,205,216
144,Xerox XE Series Toner Cartridge,1.0000200003E+19,795819216109,Y,160,124.232200622559,24,205,216
145,Hewlett Packard Color Copier,1.0000200003E+19,795819216116,Y,604,479.338409423828,24,210,204
187,Le Mans,1.0000200003E+19,795819216536,N,9,8.42450046539307,31,306,376
192,Blade,1.0000200003E+19,795819216581,N,13,12.0349998474121,31,309,382
146,Hewlett Packard LaserJet Printer/Copier/Scanner,1.0000200003E+19,795819216123,Y,650,521.115600585938,24,210,204
147,Hewlett Packard Graphic Calculator,1.0000200003E+19,795819216130,Y,90,73.659797668457,24,210,204
148,Hewlett Packard Financial Calculator,1.0000200003E+19,795819216147,Y,98,78.0574035644531,24,210,204
149,Hewlett Packard OfficeJet Printer,1.0000200003E+19,795819216154,Y,600,465.046203613281,24,210,204
150,Hewlett Packard Jornada 680 Handheld PC,1.0000200003E+19,795819216161,Y,800,650.844787597656,24,210,204
151,GPX 5" AM/FM Portable TV,1.0000200003E+19,795819216178,Y,50,41.7771987915039,25,207,202
152,RCA 32" Stereo TV,1.0000200003E+19,795819216185,Y,600,480.437805175781,25,207,213
153,RCA Indoor TV Antenna,1.0000200003E+19,795819216192,Y,15,12.0934000015259,25,207,213
154,RCA Power TV Antenna,1.0000200003E+19,795819216208,Y,50,40.6777992248535,25,207,213
155,RCA 27" Stereo TV,1.0000200003E+19,795819216215,Y,300,244.066802978516,25,207,213
156,RCA 13" TV/VCR,1.0000200003E+19,795819216222,Y,250,197.891998291016,25,207,213
157,RCA 13" TV,1.0000200003E+19,795819216239,Y,130,103.343597412109,25,207,213
158,RCA 4" LCD Color TV,1.0000200003E+19,795819216246,Y,200,155.015396118164,25,207,213
159,RCA 2" Diagonal LCD Color TV,1.0000200003E+19,795819216253,Y,100,78.0574035644531,25,207,213
160,Sharp 25" TV/VCR Combo,1.0000200003E+19,795819216260,Y,380,296.838012695313,25,209,214
161,Sharp 25" Stereo Color TV,1.0000200003E+19,795819216277,Y,280,224.277603149414,25,209,214
162,Sharp 13" 2-Head TV/VCR,1.0000200003E+19,795819216284,Y,230,187.997406005859,25,209,214
163,Sharp 32" Color TV,1.0000200003E+19,795819216291,Y,650,506.823394775391,25,209,214
164,Sony 32" Trinitron Television,1.0000200003E+19,795819216307,Y,800,649.745422363281,25,209,215
287,Gone,1.0000200003E+19,795819217533,N,15,14.5025997161865,42,401,429
294,Tool Box,1.0000200003E+19,795819217601,N,14,14.5025997161865,42,405,402
165,Sony 35" Trinitron Television,1.0000200003E+19,795819216314,Y,999,797.065002441406,25,209,215
166,ErgoRev Elite Wireless Keyboard,1.0000200003E+19,795819216321,Y,1000,806.959594726563,26,206,210
167,Panasonic 4-Head Hi-Fi VCR,1.0000200003E+19,795819216338,Y,140,114.337600708008,26,206,210
168,Panasonic Home Theater Stereo VCR,1.0000200003E+19,795819216345,Y,180,145.120803833008,26,206,210
169,Panasonic Multiformat DVD Player,1.0000200003E+19,795819216352,Y,300,244.066802978516,26,206,210
184,Godzilla,1.0000200003E+19,795819216505,N,11,9.62800025939941,31,303,354
170,Panasonic Hi-Fi Stereo VCR,1.0000200003E+19,795819216369,Y,200,156.114807128906,26,206,210
171,Panasonic 27" TV/DVD Player Combo,1.0000200003E+19,795819216376,Y,600,474.940795898438,26,206,210
172,Sony DVD/CD Player,1.0000200003E+19,795819216383,Y,400,308.931396484375,26,206,215
173,Sony DVD Player w/Remote,1.0000200003E+19,795819216390,Y,350,278.148193359375,26,206,215
174,Sony DVD/CD/Video Player,1.0000200003E+19,795819216406,Y,1200,936.688781738281,26,206,215
175,Sony Transportable DVD Player,1.0000200003E+19,795819216413,Y,500,403.479797363281,26,206,215
230,Scream 2,1.0000200003E+19,795819216963,N,13,12.0349998474121,34,303,320
231,The Omen,1.0000200003E+19,795819216970,N,9,8.42450046539307,34,303,331
233,The Shining,1.0000200003E+19,795819216994,N,17,14.4420003890991,34,303,336
176,Sony VCR,1.0000200003E+19,795819216420,Y,330,255.060806274414,26,206,215
177,Sharp DVD Player,1.0000200003E+19,795819216437,Y,900,721.206420898438,26,207,214
178,Sharp DVD/CD Player,1.0000200003E+19,795819216444,Y,400,325.422393798828,26,207,214
179,Sharp VCR,1.0000200003E+19,795819216451,Y,250,196.792602539063,26,207,214
180,Sharp VCR+,1.0000200003E+19,795819216468,Y,170,133.027404785156,26,207,214
181,Small Soldiers,1.0000200003E+19,795819216475,N,20,18.0524997711182,31,301,350
182,The Mask of Zorro,1.0000200003E+19,795819216482,N,13,12.0349998474121,31,303,305
183,Vanishing Point,1.0000200003E+19,795819216499,N,9,8.42450046539307,31,303,307
186,Lethal Weapon 4,1.0000200003E+19,795819216529,N,17,14.4420003890991,31,306,355
188,The Scarlet Pimpernel,1.0000200003E+19,795819216543,N,13,12.0349998474121,31,307,303
243,Mulan,1.0000200003E+19,795819217090,N,17,15.6455001831055,35,304,325
250,Barney,1.0000200003E+19,795819217168,N,13,12.0349998474121,35,305,306
273,Tails,1.0000200003E+19,795819217397,N,15,14.5025997161865,41,401,447
281,Insomniac,1.0000200003E+19,795819217472,N,15,13.4666996002197,41,404,438
189,The African Queen,1.0000200003E+19,795819216550,N,8,7.22100019454956,31,307,334
190,Armageddon,1.0000200003E+19,795819216567,N,16,14.4420003890991,31,309,312
191,The Avengers,1.0000200003E+19,795819216574,N,26,22.8665008544922,31,309,364
193,Everest,1.0000200003E+19,795819216598,N,14,13.2384996414185,31,310,352
194,Apocalypse Now,1.0000200003E+19,795819216604,N,19,16.8490009307861,31,310,353
195,Manhunter,1.0000200003E+19,795819216611,N,9,8.42450046539307,31,310,383
196,Babe,1.0000200003E+19,795819216628,N,13,12.0349998474121,32,301,338
197,Ferris Bueller's Day Off,1.0000200003E+19,795819216635,N,9,8.42450046539307,32,301,354
198,The Princess Bride,1.0000200003E+19,795819216642,N,11,9.62800025939941,32,303,313
199,The Object Of My Affection,1.0000200003E+19,795819216659,N,13,12.0349998474121,32,303,340
200,The Full Monty,1.0000200003E+19,795819216666,N,13,12.0349998474121,32,303,368
201,The Wedding Singer,1.0000200003E+19,795819216673,N,13,12.0349998474121,32,306,302
202,My Cousin Vinny,1.0000200003E+19,795819216680,N,13,12.0349998474121,32,307,344
203,You've Got Mail,1.0000200003E+19,795819216697,N,20,18.0524997711182,32,307,379
209,Swingers,1.0000200003E+19,795819216758,N,13,12.0349998474121,32,309,380
217,Titanic,1.0000200003E+19,795819216833,N,19,16.8490009307861,33,307,351
226,Psycho,1.0000200003E+19,795819216925,N,12,10.8315000534058,34,301,304
227,Scream,1.0000200003E+19,795819216932,N,13,12.0349998474121,34,301,324
204,Caddyshack,1.0000200003E+19,795819216703,N,17,15.6455001831055,32,309,315
205,As Good As It Gets,1.0000200003E+19,795819216710,N,13,12.0349998474121,32,309,336
206,The Truman Show,1.0000200003E+19,795819216727,N,13,12.0349998474121,32,309,342
207,Pretty Woman,1.0000200003E+19,795819216734,N,9,8.42450046539307,32,309,346
208,Austin Powers,1.0000200003E+19,795819216741,N,13,12.0349998474121,32,309,360
210,Dr. Dolittle,1.0000200003E+19,795819216765,N,13,12.0349998474121,32,310,325
211,Last Glimpse of Summer,1.0000200003E+19,795819216772,N,26,22.8665008544922,33,301,347
212,City Of Angels,1.0000200003E+19,795819216789,N,17,15.6455001831055,33,301,362
213,Dangerous Beauty,1.0000200003E+19,795819216796,N,13,12.0349998474121,33,303,314
214,Sense and Sensibility,1.0000200003E+19,795819216802,N,13,12.0349998474121,33,303,328
215,Great Expectations,1.0000200003E+19,795819216819,N,13,12.0349998474121,33,306,330
216,L.A. Confidential,1.0000200003E+19,795819216826,N,15,14.4420003890991,33,306,349
218,The Horse Whisperer,1.0000200003E+19,795819216840,N,17,15.6455001831055,33,307,370
219,Schindler's List,1.0000200003E+19,795819216857,N,15,13.2384996414185,33,309,352
346,Live,1.0000200003E+19,795819218127,N,13,10.3590002059937,46,401,431
353,Embrya,1.0000200003E+19,795819218196,N,13,10.3590002059937,46,404,451
220,Hope Floats,1.0000200003E+19,795819216864,N,12,10.8315000534058,33,309,373
221,Gone With the Wind,1.0000200003E+19,795819216871,N,21,18.0524997711182,33,310,318
222,Pulp Fiction,1.0000200003E+19,795819216888,N,13,12.0349998474121,33,310,345
223,Wall Street,1.0000200003E+19,795819216895,N,9,8.42450046539307,33,310,357
224,The Hustler,1.0000200003E+19,795819216901,N,17,15.6455001831055,33,310,365
225,Good Will Hunting,1.0000200003E+19,795819216918,N,20,18.0524997711182,33,310,371
228,The Lost Boys,1.0000200003E+19,795819216949,N,9,8.42450046539307,34,301,339
232,The Picture of Dorian Gray,1.0000200003E+19,795819216987,N,17,14.4420003890991,34,303,335
234,The Exorcist,1.0000200003E+19,795819217007,N,17,15.6455001831055,34,306,327
235,I Know What You Did Last Summer,1.0000200003E+19,795819217014,N,13,12.0349998474121,34,306,341
237,Nightmare on Elm Street,1.0000200003E+19,795819217038,N,13,12.0349998474121,34,307,332
238,Frankenstein,1.0000200003E+19,795819217045,N,12,9.62800025939941,34,310,311
239,Rosemary's Baby,1.0000200003E+19,795819217052,N,13,12.0349998474121,34,310,356
240,Interview With the Vampire,1.0000200003E+19,795819217069,N,13,12.0349998474121,34,310,378
241,The Rugrats Movie,1.0000200003E+19,795819217076,N,23,20.4594993591309,35,301,317
242,A Bug's Life,1.0000200003E+19,795819217083,N,18,16.8490009307861,35,304,319
244,Charlotte's Web,1.0000200003E+19,795819217106,N,13,12.0349998474121,35,304,333
245,The Little Mermaid,1.0000200003E+19,795819217113,N,21,19.2560005187988,35,304,343
246,The Lion King,1.0000200003E+19,795819217120,N,17,14.4420003890991,35,304,354
247,Lady and the Tramp,1.0000200003E+19,795819217137,N,19,16.8490009307861,35,304,366
248,The Jungle Book,1.0000200003E+19,795819217144,N,13,12.0349998474121,35,304,374
249,Alice in Wonderland,1.0000200003E+19,795819217151,N,17,14.4420003890991,35,304,375
251,Blue's Clues,1.0000200003E+19,795819217175,N,9,8.42450046539307,35,305,310
252,The Parent Trap,1.0000200003E+19,795819217182,N,17,14.4420003890991,35,305,322
253,The Muppet Movie,1.0000200003E+19,795819217199,N,13,12.0349998474121,35,305,326
254,The Year Without a Santa Claus,1.0000200003E+19,795819217205,N,11,10.8315000534058,35,305,358
255,Sesame Street,1.0000200003E+19,795819217212,N,9,8.42450046539307,35,305,361
256,AAA Travel Video Series,1.0000200003E+19,795819217229,N,17,15.6455001831055,36,302,301
257,The Secrets of Happiness,1.0000200003E+19,795819217236,N,26,22.8665008544922,36,302,316
258,Mysteries of the Bible,1.0000200003E+19,795819217243,N,51,44.5294990539551,36,302,321
259,Exploring Antarctica,1.0000200003E+19,795819217250,N,26,22.8665008544922,36,302,323
260,Learn! Microsoft Office 2000,1.0000200003E+19,795819217267,N,26,22.8665008544922,36,302,359
261,Classic Rock Guitar,1.0000200003E+19,795819217274,N,11,9.62800025939941,36,302,367
262,How to Play Piano 1,1.0000200003E+19,795819217281,N,34,31.2910003662109,36,302,367
263,Jesus of Nazareth,1.0000200003E+19,795819217298,N,43,36.1049995422363,36,302,369
264,9 Steps to Financial Freedom,1.0000200003E+19,795819217304,N,17,15.6455001831055,36,302,377
265,Step Into Ballet,1.0000200003E+19,795819217311,N,17,15.6455001831055,36,302,381
266,Let's Play Soccer,1.0000200003E+19,795819217328,N,13,12.0349998474121,36,308,329
267,Golf My Way Collection,1.0000200003E+19,795819217335,N,26,22.8665008544922,36,308,337
268,Tae-Bo Workout,1.0000200003E+19,795819217342,N,35,31.2910003662109,36,311,309
269,Massage for Health,1.0000200003E+19,795819217359,N,13,12.0349998474121,36,311,363
270,Living Yoga,1.0000200003E+19,795819217366,N,13,12.0349998474121,36,311,372
271,Sixteen Stone,1.0000200003E+19,795819217373,N,14,13.4666996002197,41,401,419
321,Whaler,1.0000200003E+19,795819217878,N,15,13.4666996002197,44,403,472
324,Life,1.0000200003E+19,795819217908,N,15,14.5025997161865,44,404,470
327,Daydream,1.0000200003E+19,795819217939,N,13,12.4308004379272,44,405,450
330,Thriller,1.0000200003E+19,795819217960,N,15,13.4666996002197,44,406,479
272,Throwing Copper,1.0000200003E+19,795819217380,N,14,14.5025997161865,41,401,446
274,Seal (94),1.0000200003E+19,795819217403,N,14,13.4666996002197,41,401,468
275,The Infinite Sadness,1.0000200003E+19,795819217410,N,19,16.5743999481201,41,401,471
276,Jagged Little Pill,1.0000200003E+19,795819217427,N,14,13.4666996002197,41,402,458
277,Morning Glory,1.0000200003E+19,795819217434,N,15,14.5025997161865,41,402,459
278,And Out Come Wolves,1.0000200003E+19,795819217441,N,8,7.25129985809326,41,402,463
279,One Hot Minute,1.0000200003E+19,795819217458,N,15,14.5025997161865,41,402,465
280,Alice In Chains,1.0000200003E+19,795819217465,N,10,10.3590002059937,41,404,406
282,Tigerlily,1.0000200003E+19,795819217489,N,10,9.32310009002686,41,404,455
283,A Boy Named Goo,1.0000200003E+19,795819217496,N,9,8.28719997406006,41,405,437
284,Pres Of The Unites States,1.0000200003E+19,795819217502,N,14,13.4666996002197,41,405,462
335,Stripped,1.0000200003E+19,795819218011,N,15,13.4666996002197,45,403,466
338,Ozzmosis,1.0000200003E+19,795819218042,N,15,14.5025997161865,45,404,461
342,Four,1.0000200003E+19,795819218080,N,15,13.4666996002197,45,405,416
343,Crash,1.0000200003E+19,795819218097,N,13,12.4308004379272,45,405,424
286,Strong Enough,1.0000200003E+19,795819217526,N,14,14.5025997161865,42,401,415
288,Games Rednecks Play,1.0000200003E+19,795819217540,N,15,13.4666996002197,42,401,433
289,Strait Out Of The Box,1.0000200003E+19,795819217557,N,48,39.364200592041,42,401,435
290,I Think About You,1.0000200003E+19,795819217564,N,10,10.3590002059937,42,402,423
291,Fresh Horses,1.0000200003E+19,795819217571,N,15,13.4666996002197,42,402,434
292,Now That I'Ve Found You,1.0000200003E+19,795819217588,N,14,14.5025997161865,42,404,407
293,All I Want,1.0000200003E+19,795819217595,N,10,9.32310009002686,42,404,453
295,It Matters To Me,1.0000200003E+19,795819217618,N,10,10.3590002059937,42,405,432
296,Starting Over,1.0000200003E+19,795819217625,N,13,13.4666996002197,42,405,452
297,Bryan White,1.0000200003E+19,795819217632,N,14,13.4666996002197,42,405,487
298,Time Marches On,1.0000200003E+19,795819217649,N,10,9.32310009002686,42,406,445
299,The Woman In Me,1.0000200003E+19,795819217656,N,13,11.3949003219604,42,406,481
300,Souvenirs,1.0000200003E+19,795819217663,N,15,13.4666996002197,42,406,483
301,Schubert Volume 1,1.0000200003E+19,795819217670,N,10,9.32310009002686,43,401,421
302,Running With Scissors,1.0000200003E+19,795819217687,N,13,10.3590002059937,43,401,485
303,Best of Disney Volume 2,1.0000200003E+19,795819217694,N,14,14.5025997161865,43,402,426
304,Exotic Sound Effects,1.0000200003E+19,795819217700,N,27,22.7898006439209,43,402,473
305,The Opera Album,1.0000200003E+19,795819217717,N,16,12.4308004379272,43,403,436
306,The Memory Of Trees,1.0000200003E+19,795819217724,N,16,14.5025997161865,43,404,430
307,I Love To Polka,1.0000200003E+19,795819217731,N,13,10.3590002059937,43,404,443
308,The Four Seasons,1.0000200003E+19,795819217748,N,15,12.4308004379272,43,405,408
309,Doo Wop Box,1.0000200003E+19,795819217755,N,59,48.6873016357422,43,405,428
310,Pet Music,1.0000200003E+19,795819217762,N,21,17.6103000640869,43,405,440
312,Revenge,1.0000200003E+19,795819217786,N,10,8.28719997406006,43,406,414
317,Bridge,1.0000200003E+19,795819217830,N,15,14.5025997161865,44,403,404
311,Sleepytime Songs,1.0000200003E+19,795819217779,N,15,13.4666996002197,43,406,411
313,Beethoven for Babies,1.0000200003E+19,795819217793,N,9,7.25129985809326,43,406,448
314,The Gospel Box,1.0000200003E+19,795819217809,N,35,27.9692993164063,43,406,482
315,Take My Hand,1.0000200003E+19,795819217816,N,9,9.32310009002686,43,406,490
316,New Beginning,1.0000200003E+19,795819217823,N,10,10.3590002059937,44,401,480
319,Don Henley's Greatest Hits,1.0000200003E+19,795819217854,N,15,14.5025997161865,44,403,427
320,Live at the Bridge Vol 2,1.0000200003E+19,795819217861,N,31,25.8974990844727,44,403,456
322,Nobody Else,1.0000200003E+19,795819217885,N,10,10.3590002059937,44,403,476
323,Cracked Rearview,1.0000200003E+19,795819217892,N,15,13.4666996002197,44,404,439
325,Waiting to Exhale: The Soundtrack,1.0000200003E+19,795819217915,N,15,13.4666996002197,44,404,484
326,The Beatles Anthology,1.0000200003E+19,795819217922,N,16,14.5025997161865,44,405,413
328,Something To Remember,1.0000200003E+19,795819217946,N,15,13.4666996002197,44,406,449
329,Another Night,1.0000200003E+19,795819217953,N,14,13.4666996002197,44,406,464
331,The Doors,1.0000200003E+19,795819217977,N,10,10.3590002059937,45,401,403
333,Your Little Secret,1.0000200003E+19,795819217991,N,10,10.3590002059937,45,401,454
334,Ghost Of Tom Joad,1.0000200003E+19,795819218004,N,10,10.3590002059937,45,401,474
336,Road Tested,1.0000200003E+19,795819218028,N,16,15.5384998321533,45,404,417
337,Collective Soul,1.0000200003E+19,795819218035,N,15,13.4666996002197,45,404,422
339,Supernatural,1.0000200003E+19,795819218059,N,13,12.4308004379272,45,404,467
340,Its A Mystery,1.0000200003E+19,795819218066,N,16,14.5025997161865,45,404,469
341,Hell Freezes Over,1.0000200003E+19,795819218073,N,16,14.5025997161865,45,404,477
344,Astro Creep,1.0000200003E+19,795819218103,N,15,14.5025997161865,45,405,486
347,Synkronized,1.0000200003E+19,795819218134,N,13,10.3590002059937,46,401,441
348,My Love Is Your Love,1.0000200003E+19,795819218141,N,13,10.3590002059937,46,401,488
349,Big Willie Style,1.0000200003E+19,795819218158,N,15,12.4308004379272,46,402,489
350,Al Green's Greatest Hits,1.0000200003E+19,795819218165,N,13,11.3949003219604,46,403,405
351,Barry White's All-Time Greatest Hits,1.0000200003E+19,795819218172,N,13,10.3590002059937,46,403,412
352,Soul Of A Woman,1.0000200003E+19,795819218189,N,13,10.3590002059937,46,403,444
354,The Velvet Rope,1.0000200003E+19,795819218202,N,15,12.4308004379272,46,405,442
355,The Boy Is Mine,1.0000200003E+19,795819218219,N,13,10.3590002059937,46,405,457
356,Original Musiquarium,1.0000200003E+19,795819218226,N,27,22.7898006439209,46,405,475
357,Simply The Best,1.0000200003E+19,795819218233,N,18,14.5025997161865,46,405,478
358,98 Degrees & Rising,1.0000200003E+19,795819218240,N,13,11.3949003219604,46,406,401
359,Aretha Franklin's 30 Greatest Hits,1.0000200003E+19,795819218257,N,23,18.6462001800537,46,406,409
360,Never Say Never,1.0000200003E+19,795819218264,N,15,12.4308004379272,46,406,418
